theme,sub_theme,topic,geography_type,geography,metric,sex,age,stratum,year,date,metric_value,in_reporting_delay_period
infectious_disease,respiratory,COVID-19,Nation,England,COVID-19_cases_casesByDay,all,all,default,2024,30/10/2024,41,FALSE
infectious_disease,respiratory,COVID-19,Nation,England,COVID-19_cases_casesByDay,all,all,default,2024,29/10/2024,181,FALSE
infectious_disease,respiratory,COVID-19,Nation,England,COVID-19_cases_casesByDay,all,all,default,2024,28/10/2024,268,FALSE
infectious_disease,respiratory,COVID-19,Nation,England,COVID-19_cases_casesByDay,all,all,default,2024,27/10/2024,229,FALSE
infectious_disease,respiratory,COVID-19,Nation,England,COVID-19_cases_casesByDay,all,all,default,2024,26/10/2024,232,FALSE
infectious_disease,respiratory,COVID-19,Nation,England,COVID-19_cases_casesByDay,all,all,default,2024,25/10/2024,345,FALSE
infectious_disease,respiratory,COVID-19,Nation,England,COVID-19_cases_casesByDay,all,all,default,2024,24/10/2024,384,FALSE
infectious_disease,respiratory,COVID-19,Nation,England,COVID-19_cases_casesByDay,all,all,default,2024,23/10/2024,379,FALSE
infectious_disease,respiratory,COVID-19,Nation,England,COVID-19_cases_casesByDay,all,all,default,2024,22/10/2024,404,FALSE
infectious_disease,respiratory,COVID-19,Nation,England,COVID-19_cases_casesByDay,all,all,default,2024,21/10/2024,464,FALSE
infectious_disease,respiratory,COVID-19,Nation,England,COVID-19_cases_casesByDay,all,all,default,2024,20/10/2024,322,FALSE
infectious_disease,respiratory,COVID-19,Nation,England,COVID-19_cases_casesByDay,all,all,default,2024,19/10/2024,347,FALSE
infectious_disease,respiratory,COVID-19,Nation,England,COVID-19_cases_casesByDay,all,all,default,2024,18/10/2024,449,FALSE
infectious_disease,respiratory,COVID-19,Nation,England,COVID-19_cases_casesByDay,all,all,default,2024,17/10/2024,567,FALSE
infectious_disease,respiratory,COVID-19,Nation,England,COVID-19_cases_casesByDay,all,all,default,2024,16/10/2024,558,FALSE
infectious_disease,respiratory,COVID-19,Nation,England,COVID-19_cases_casesByDay,all,all,default,2024,15/10/2024,476,FALSE
infectious_disease,respiratory,COVID-19,Nation,England,COVID-19_cases_casesByDay,all,all,default,2024,14/10/2024,477,FALSE
infectious_disease,respiratory,COVID-19,Nation,England,COVID-19_cases_casesByDay,all,all,default,2024,13/10/2024,334,FALSE
infectious_disease,respiratory,COVID-19,Nation,England,COVID-19_cases_casesByDay,all,all,default,2024,12/10/2024,326,FALSE
infectious_disease,respiratory,COVID-19,Nation,England,COVID-19_cases_casesByDay,all,all,default,2024,11/10/2024,420,FALSE
infectious_disease,respiratory,COVID-19,Nation,England,COVID-19_cases_casesByDay,all,all,default,2024,10/10/2024,548,FALSE
infectious_disease,respiratory,COVID-19,Nation,England,COVID-19_cases_casesByDay,all,all,default,2024,09/10/2024,544,FALSE
infectious_disease,respiratory,COVID-19,Nation,England,COVID-19_cases_casesByDay,all,all,default,2024,08/10/2024,586,FALSE
infectious_disease,respiratory,COVID-19,Nation,England,COVID-19_cases_casesByDay,all,all,default,2024,07/10/2024,627,FALSE
infectious_disease,respiratory,COVID-19,Nation,England,COVID-19_cases_casesByDay,all,all,default,2024,06/10/2024,406,FALSE
infectious_disease,respiratory,COVID-19,Nation,England,COVID-19_cases_casesByDay,all,all,default,2024,05/10/2024,376,FALSE
infectious_disease,respiratory,COVID-19,Nation,England,COVID-19_cases_casesByDay,all,all,default,2024,04/10/2024,496,FALSE
infectious_disease,respiratory,COVID-19,Nation,England,COVID-19_cases_casesByDay,all,all,default,2024,03/10/2024,502,FALSE
infectious_disease,respiratory,COVID-19,Nation,England,COVID-19_cases_casesByDay,all,all,default,2024,02/10/2024,546,FALSE
infectious_disease,respiratory,COVID-19,Nation,England,COVID-19_cases_casesByDay,all,all,default,2024,01/10/2024,500,FALSE
infectious_disease,respiratory,COVID-19,Nation,England,COVID-19_cases_casesByDay,all,all,default,2024,30/09/2024,465,FALSE
infectious_disease,respiratory,COVID-19,Nation,England,COVID-19_cases_casesByDay,all,all,default,2024,29/09/2024,281,FALSE
infectious_disease,respiratory,COVID-19,Nation,England,COVID-19_cases_casesByDay,all,all,default,2024,28/09/2024,316,FALSE
infectious_disease,respiratory,COVID-19,Nation,England,COVID-19_cases_casesByDay,all,all,default,2024,27/09/2024,404,FALSE
infectious_disease,respiratory,COVID-19,Nation,England,COVID-19_cases_casesByDay,all,all,default,2024,26/09/2024,468,FALSE
infectious_disease,respiratory,COVID-19,Nation,England,COVID-19_cases_casesByDay,all,all,default,2024,25/09/2024,427,FALSE
infectious_disease,respiratory,COVID-19,Nation,England,COVID-19_cases_casesByDay,all,all,default,2024,24/09/2024,471,FALSE
infectious_disease,respiratory,COVID-19,Nation,England,COVID-19_cases_casesByDay,all,all,default,2024,23/09/2024,490,FALSE
infectious_disease,respiratory,COVID-19,Nation,England,COVID-19_cases_casesByDay,all,all,default,2024,22/09/2024,374,FALSE
infectious_disease,respiratory,COVID-19,Nation,England,COVID-19_cases_casesByDay,all,all,default,2024,21/09/2024,310,FALSE
infectious_disease,respiratory,COVID-19,Nation,England,COVID-19_cases_casesByDay,all,all,default,2024,20/09/2024,387,FALSE
infectious_disease,respiratory,COVID-19,Nation,England,COVID-19_cases_casesByDay,all,all,default,2024,19/09/2024,400,FALSE
infectious_disease,respiratory,COVID-19,Nation,England,COVID-19_cases_casesByDay,all,all,default,2024,18/09/2024,418,FALSE
infectious_disease,respiratory,COVID-19,Nation,England,COVID-19_cases_casesByDay,all,all,default,2024,17/09/2024,428,FALSE
infectious_disease,respiratory,COVID-19,Nation,England,COVID-19_cases_casesByDay,all,all,default,2024,16/09/2024,447,FALSE
infectious_disease,respiratory,COVID-19,Nation,England,COVID-19_cases_casesByDay,all,all,default,2024,15/09/2024,266,FALSE
infectious_disease,respiratory,COVID-19,Nation,England,COVID-19_cases_casesByDay,all,all,default,2024,14/09/2024,252,FALSE
infectious_disease,respiratory,COVID-19,Nation,England,COVID-19_cases_casesByDay,all,all,default,2024,13/09/2024,260,FALSE
infectious_disease,respiratory,COVID-19,Nation,England,COVID-19_cases_casesByDay,all,all,default,2024,12/09/2024,249,FALSE
infectious_disease,respiratory,COVID-19,Nation,England,COVID-19_cases_casesByDay,all,all,default,2024,11/09/2024,265,FALSE
infectious_disease,respiratory,COVID-19,Nation,England,COVID-19_cases_casesByDay,all,all,default,2024,10/09/2024,282,FALSE
infectious_disease,respiratory,COVID-19,Nation,England,COVID-19_cases_casesByDay,all,all,default,2024,09/09/2024,271,FALSE
infectious_disease,respiratory,COVID-19,Nation,England,COVID-19_cases_casesByDay,all,all,default,2024,08/09/2024,188,FALSE
infectious_disease,respiratory,COVID-19,Nation,England,COVID-19_cases_casesByDay,all,all,default,2024,07/09/2024,199,FALSE
infectious_disease,respiratory,COVID-19,Nation,England,COVID-19_cases_casesByDay,all,all,default,2024,06/09/2024,258,FALSE
infectious_disease,respiratory,COVID-19,Nation,England,COVID-19_cases_casesByDay,all,all,default,2024,05/09/2024,259,FALSE
infectious_disease,respiratory,COVID-19,Nation,England,COVID-19_cases_casesByDay,all,all,default,2024,04/09/2024,237,FALSE
infectious_disease,respiratory,COVID-19,Nation,England,COVID-19_cases_casesByDay,all,all,default,2024,03/09/2024,270,FALSE
infectious_disease,respiratory,COVID-19,Nation,England,COVID-19_cases_casesByDay,all,all,default,2024,02/09/2024,276,FALSE
infectious_disease,respiratory,COVID-19,Nation,England,COVID-19_cases_casesByDay,all,all,default,2024,01/09/2024,171,FALSE
infectious_disease,respiratory,COVID-19,Nation,England,COVID-19_cases_casesByDay,all,all,default,2024,31/08/2024,194,FALSE
infectious_disease,respiratory,COVID-19,Nation,England,COVID-19_cases_casesByDay,all,all,default,2024,30/08/2024,240,FALSE
infectious_disease,respiratory,COVID-19,Nation,England,COVID-19_cases_casesByDay,all,all,default,2024,29/08/2024,250,FALSE
infectious_disease,respiratory,COVID-19,Nation,England,COVID-19_cases_casesByDay,all,all,default,2024,28/08/2024,273,FALSE
infectious_disease,respiratory,COVID-19,Nation,England,COVID-19_cases_casesByDay,all,all,default,2024,27/08/2024,248,FALSE
infectious_disease,respiratory,COVID-19,Nation,England,COVID-19_cases_casesByDay,all,all,default,2024,26/08/2024,230,FALSE
infectious_disease,respiratory,COVID-19,Nation,England,COVID-19_cases_casesByDay,all,all,default,2024,25/08/2024,162,FALSE
infectious_disease,respiratory,COVID-19,Nation,England,COVID-19_cases_casesByDay,all,all,default,2024,24/08/2024,201,FALSE
infectious_disease,respiratory,COVID-19,Nation,England,COVID-19_cases_casesByDay,all,all,default,2024,23/08/2024,219,FALSE
infectious_disease,respiratory,COVID-19,Nation,England,COVID-19_cases_casesByDay,all,all,default,2024,22/08/2024,247,FALSE
infectious_disease,respiratory,COVID-19,Nation,England,COVID-19_cases_casesByDay,all,all,default,2024,21/08/2024,218,FALSE
infectious_disease,respiratory,COVID-19,Nation,England,COVID-19_cases_casesByDay,all,all,default,2024,20/08/2024,201,FALSE
infectious_disease,respiratory,COVID-19,Nation,England,COVID-19_cases_casesByDay,all,all,default,2024,19/08/2024,244,FALSE
infectious_disease,respiratory,COVID-19,Nation,England,COVID-19_cases_casesByDay,all,all,default,2024,18/08/2024,160,FALSE
infectious_disease,respiratory,COVID-19,Nation,England,COVID-19_cases_casesByDay,all,all,default,2024,17/08/2024,158,FALSE
infectious_disease,respiratory,COVID-19,Nation,England,COVID-19_cases_casesByDay,all,all,default,2024,16/08/2024,237,FALSE
infectious_disease,respiratory,COVID-19,Nation,England,COVID-19_cases_casesByDay,all,all,default,2024,15/08/2024,261,FALSE
infectious_disease,respiratory,COVID-19,Nation,England,COVID-19_cases_casesByDay,all,all,default,2024,14/08/2024,275,FALSE
infectious_disease,respiratory,COVID-19,Nation,England,COVID-19_cases_casesByDay,all,all,default,2024,13/08/2024,274,FALSE
infectious_disease,respiratory,COVID-19,Nation,England,COVID-19_cases_casesByDay,all,all,default,2024,12/08/2024,288,FALSE
infectious_disease,respiratory,COVID-19,Nation,England,COVID-19_cases_casesByDay,all,all,default,2024,11/08/2024,206,FALSE
infectious_disease,respiratory,COVID-19,Nation,England,COVID-19_cases_casesByDay,all,all,default,2024,10/08/2024,199,FALSE
infectious_disease,respiratory,COVID-19,Nation,England,COVID-19_cases_casesByDay,all,all,default,2024,09/08/2024,284,FALSE
infectious_disease,respiratory,COVID-19,Nation,England,COVID-19_cases_casesByDay,all,all,default,2024,08/08/2024,274,FALSE
infectious_disease,respiratory,COVID-19,Nation,England,COVID-19_cases_casesByDay,all,all,default,2024,07/08/2024,301,FALSE
infectious_disease,respiratory,COVID-19,Nation,England,COVID-19_cases_casesByDay,all,all,default,2024,06/08/2024,329,FALSE
infectious_disease,respiratory,COVID-19,Nation,England,COVID-19_cases_casesByDay,all,all,default,2024,05/08/2024,393,FALSE
infectious_disease,respiratory,COVID-19,Nation,England,COVID-19_cases_casesByDay,all,all,default,2024,04/08/2024,262,FALSE
infectious_disease,respiratory,COVID-19,Nation,England,COVID-19_cases_casesByDay,all,all,default,2024,03/08/2024,273,FALSE
infectious_disease,respiratory,COVID-19,Nation,England,COVID-19_cases_casesByDay,all,all,default,2024,02/08/2024,385,FALSE
infectious_disease,respiratory,COVID-19,Nation,England,COVID-19_cases_casesByDay,all,all,default,2024,01/08/2024,435,FALSE
infectious_disease,respiratory,COVID-19,Nation,England,COVID-19_cases_casesByDay,all,all,default,2024,31/07/2024,479,FALSE
infectious_disease,respiratory,COVID-19,Nation,England,COVID-19_cases_casesByDay,all,all,default,2024,30/07/2024,462,FALSE
infectious_disease,respiratory,COVID-19,Nation,England,COVID-19_cases_casesByDay,all,all,default,2024,29/07/2024,444,FALSE
infectious_disease,respiratory,COVID-19,Nation,England,COVID-19_cases_casesByDay,all,all,default,2024,28/07/2024,339,FALSE
infectious_disease,respiratory,COVID-19,Nation,England,COVID-19_cases_casesByDay,all,all,default,2024,27/07/2024,334,FALSE
infectious_disease,respiratory,COVID-19,Nation,England,COVID-19_cases_casesByDay,all,all,default,2024,26/07/2024,506,FALSE
infectious_disease,respiratory,COVID-19,Nation,England,COVID-19_cases_casesByDay,all,all,default,2024,25/07/2024,490,FALSE
infectious_disease,respiratory,COVID-19,Nation,England,COVID-19_cases_casesByDay,all,all,default,2024,24/07/2024,536,FALSE
infectious_disease,respiratory,COVID-19,Nation,England,COVID-19_cases_casesByDay,all,all,default,2024,23/07/2024,556,FALSE
infectious_disease,respiratory,COVID-19,Nation,England,COVID-19_cases_casesByDay,all,all,default,2024,22/07/2024,578,FALSE
infectious_disease,respiratory,COVID-19,Nation,England,COVID-19_cases_casesByDay,all,all,default,2024,21/07/2024,409,FALSE
infectious_disease,respiratory,COVID-19,Nation,England,COVID-19_cases_casesByDay,all,all,default,2024,20/07/2024,427,FALSE
infectious_disease,respiratory,COVID-19,Nation,England,COVID-19_cases_casesByDay,all,all,default,2024,19/07/2024,627,FALSE
infectious_disease,respiratory,COVID-19,Nation,England,COVID-19_cases_casesByDay,all,all,default,2024,18/07/2024,606,FALSE
infectious_disease,respiratory,COVID-19,Nation,England,COVID-19_cases_casesByDay,all,all,default,2024,17/07/2024,579,FALSE
infectious_disease,respiratory,COVID-19,Nation,England,COVID-19_cases_casesByDay,all,all,default,2024,16/07/2024,607,FALSE
infectious_disease,respiratory,COVID-19,Nation,England,COVID-19_cases_casesByDay,all,all,default,2024,15/07/2024,611,FALSE
infectious_disease,respiratory,COVID-19,Nation,England,COVID-19_cases_casesByDay,all,all,default,2024,14/07/2024,410,FALSE
infectious_disease,respiratory,COVID-19,Nation,England,COVID-19_cases_casesByDay,all,all,default,2024,13/07/2024,463,FALSE
infectious_disease,respiratory,COVID-19,Nation,England,COVID-19_cases_casesByDay,all,all,default,2024,12/07/2024,517,FALSE
infectious_disease,respiratory,COVID-19,Nation,England,COVID-19_cases_casesByDay,all,all,default,2024,11/07/2024,526,FALSE
infectious_disease,respiratory,COVID-19,Nation,England,COVID-19_cases_casesByDay,all,all,default,2024,10/07/2024,616,FALSE
infectious_disease,respiratory,COVID-19,Nation,England,COVID-19_cases_casesByDay,all,all,default,2024,09/07/2024,593,FALSE
infectious_disease,respiratory,COVID-19,Nation,England,COVID-19_cases_casesByDay,all,all,default,2024,08/07/2024,608,FALSE
infectious_disease,respiratory,COVID-19,Nation,England,COVID-19_cases_casesByDay,all,all,default,2024,07/07/2024,363,FALSE
infectious_disease,respiratory,COVID-19,Nation,England,COVID-19_cases_casesByDay,all,all,default,2024,06/07/2024,354,FALSE
infectious_disease,respiratory,COVID-19,Nation,England,COVID-19_cases_casesByDay,all,all,default,2024,05/07/2024,501,FALSE
infectious_disease,respiratory,COVID-19,Nation,England,COVID-19_cases_casesByDay,all,all,default,2024,04/07/2024,479,FALSE
infectious_disease,respiratory,COVID-19,Nation,England,COVID-19_cases_casesByDay,all,all,default,2024,03/07/2024,464,FALSE
infectious_disease,respiratory,COVID-19,Nation,England,COVID-19_cases_casesByDay,all,all,default,2024,02/07/2024,437,FALSE
infectious_disease,respiratory,COVID-19,Nation,England,COVID-19_cases_casesByDay,all,all,default,2024,01/07/2024,470,FALSE
infectious_disease,respiratory,COVID-19,Nation,England,COVID-19_cases_casesByDay,all,all,default,2024,30/06/2024,317,FALSE
infectious_disease,respiratory,COVID-19,Nation,England,COVID-19_cases_casesByDay,all,all,default,2024,29/06/2024,313,FALSE
infectious_disease,respiratory,COVID-19,Nation,England,COVID-19_cases_casesByDay,all,all,default,2024,28/06/2024,390,FALSE
infectious_disease,respiratory,COVID-19,Nation,England,COVID-19_cases_casesByDay,all,all,default,2024,27/06/2024,545,FALSE
infectious_disease,respiratory,COVID-19,Nation,England,COVID-19_cases_casesByDay,all,all,default,2024,26/06/2024,566,FALSE
infectious_disease,respiratory,COVID-19,Nation,England,COVID-19_cases_casesByDay,all,all,default,2024,25/06/2024,547,FALSE
infectious_disease,respiratory,COVID-19,Nation,England,COVID-19_cases_casesByDay,all,all,default,2024,24/06/2024,506,FALSE
infectious_disease,respiratory,COVID-19,Nation,England,COVID-19_cases_casesByDay,all,all,default,2024,23/06/2024,376,FALSE
infectious_disease,respiratory,COVID-19,Nation,England,COVID-19_cases_casesByDay,all,all,default,2024,22/06/2024,415,FALSE
infectious_disease,respiratory,COVID-19,Nation,England,COVID-19_cases_casesByDay,all,all,default,2024,21/06/2024,505,FALSE
infectious_disease,respiratory,COVID-19,Nation,England,COVID-19_cases_casesByDay,all,all,default,2024,20/06/2024,475,FALSE
infectious_disease,respiratory,COVID-19,Nation,England,COVID-19_cases_casesByDay,all,all,default,2024,19/06/2024,542,FALSE
infectious_disease,respiratory,COVID-19,Nation,England,COVID-19_cases_casesByDay,all,all,default,2024,18/06/2024,514,FALSE
infectious_disease,respiratory,COVID-19,Nation,England,COVID-19_cases_casesByDay,all,all,default,2024,17/06/2024,466,FALSE
infectious_disease,respiratory,COVID-19,Nation,England,COVID-19_cases_casesByDay,all,all,default,2024,16/06/2024,347,FALSE
infectious_disease,respiratory,COVID-19,Nation,England,COVID-19_cases_casesByDay,all,all,default,2024,15/06/2024,323,FALSE
infectious_disease,respiratory,COVID-19,Nation,England,COVID-19_cases_casesByDay,all,all,default,2024,14/06/2024,403,FALSE
infectious_disease,respiratory,COVID-19,Nation,England,COVID-19_cases_casesByDay,all,all,default,2024,13/06/2024,405,FALSE
infectious_disease,respiratory,COVID-19,Nation,England,COVID-19_cases_casesByDay,all,all,default,2024,12/06/2024,362,FALSE
infectious_disease,respiratory,COVID-19,Nation,England,COVID-19_cases_casesByDay,all,all,default,2024,11/06/2024,366,FALSE
infectious_disease,respiratory,COVID-19,Nation,England,COVID-19_cases_casesByDay,all,all,default,2024,10/06/2024,350,FALSE
infectious_disease,respiratory,COVID-19,Nation,England,COVID-19_cases_casesByDay,all,all,default,2024,09/06/2024,271,FALSE
infectious_disease,respiratory,COVID-19,Nation,England,COVID-19_cases_casesByDay,all,all,default,2024,08/06/2024,247,FALSE
infectious_disease,respiratory,COVID-19,Nation,England,COVID-19_cases_casesByDay,all,all,default,2024,07/06/2024,297,FALSE
infectious_disease,respiratory,COVID-19,Nation,England,COVID-19_cases_casesByDay,all,all,default,2024,06/06/2024,270,FALSE
infectious_disease,respiratory,COVID-19,Nation,England,COVID-19_cases_casesByDay,all,all,default,2024,05/06/2024,330,FALSE
infectious_disease,respiratory,COVID-19,Nation,England,COVID-19_cases_casesByDay,all,all,default,2024,04/06/2024,311,FALSE
infectious_disease,respiratory,COVID-19,Nation,England,COVID-19_cases_casesByDay,all,all,default,2024,03/06/2024,332,FALSE
infectious_disease,respiratory,COVID-19,Nation,England,COVID-19_cases_casesByDay,all,all,default,2024,02/06/2024,199,FALSE
infectious_disease,respiratory,COVID-19,Nation,England,COVID-19_cases_casesByDay,all,all,default,2024,01/06/2024,190,FALSE
infectious_disease,respiratory,COVID-19,Nation,England,COVID-19_cases_casesByDay,all,all,default,2024,31/05/2024,309,FALSE
infectious_disease,respiratory,COVID-19,Nation,England,COVID-19_cases_casesByDay,all,all,default,2024,30/05/2024,294,FALSE
infectious_disease,respiratory,COVID-19,Nation,England,COVID-19_cases_casesByDay,all,all,default,2024,29/05/2024,274,FALSE
infectious_disease,respiratory,COVID-19,Nation,England,COVID-19_cases_casesByDay,all,all,default,2024,28/05/2024,298,FALSE
infectious_disease,respiratory,COVID-19,Nation,England,COVID-19_cases_casesByDay,all,all,default,2024,27/05/2024,215,FALSE
infectious_disease,respiratory,COVID-19,Nation,England,COVID-19_cases_casesByDay,all,all,default,2024,26/05/2024,194,FALSE
infectious_disease,respiratory,COVID-19,Nation,England,COVID-19_cases_casesByDay,all,all,default,2024,25/05/2024,169,FALSE
infectious_disease,respiratory,COVID-19,Nation,England,COVID-19_cases_casesByDay,all,all,default,2024,24/05/2024,266,FALSE
infectious_disease,respiratory,COVID-19,Nation,England,COVID-19_cases_casesByDay,all,all,default,2024,23/05/2024,253,FALSE
infectious_disease,respiratory,COVID-19,Nation,England,COVID-19_cases_casesByDay,all,all,default,2024,22/05/2024,282,FALSE
infectious_disease,respiratory,COVID-19,Nation,England,COVID-19_cases_casesByDay,all,all,default,2024,21/05/2024,287,FALSE
infectious_disease,respiratory,COVID-19,Nation,England,COVID-19_cases_casesByDay,all,all,default,2024,20/05/2024,323,FALSE
infectious_disease,respiratory,COVID-19,Nation,England,COVID-19_cases_casesByDay,all,all,default,2024,19/05/2024,222,FALSE
infectious_disease,respiratory,COVID-19,Nation,England,COVID-19_cases_casesByDay,all,all,default,2024,18/05/2024,196,FALSE
infectious_disease,respiratory,COVID-19,Nation,England,COVID-19_cases_casesByDay,all,all,default,2024,17/05/2024,313,FALSE
infectious_disease,respiratory,COVID-19,Nation,England,COVID-19_cases_casesByDay,all,all,default,2024,16/05/2024,353,FALSE
infectious_disease,respiratory,COVID-19,Nation,England,COVID-19_cases_casesByDay,all,all,default,2024,15/05/2024,340,FALSE
infectious_disease,respiratory,COVID-19,Nation,England,COVID-19_cases_casesByDay,all,all,default,2024,14/05/2024,335,FALSE
infectious_disease,respiratory,COVID-19,Nation,England,COVID-19_cases_casesByDay,all,all,default,2024,13/05/2024,334,FALSE
infectious_disease,respiratory,COVID-19,Nation,England,COVID-19_cases_casesByDay,all,all,default,2024,12/05/2024,229,FALSE
infectious_disease,respiratory,COVID-19,Nation,England,COVID-19_cases_casesByDay,all,all,default,2024,11/05/2024,261,FALSE
infectious_disease,respiratory,COVID-19,Nation,England,COVID-19_cases_casesByDay,all,all,default,2024,10/05/2024,361,FALSE
infectious_disease,respiratory,COVID-19,Nation,England,COVID-19_cases_casesByDay,all,all,default,2024,09/05/2024,426,FALSE
infectious_disease,respiratory,COVID-19,Nation,England,COVID-19_cases_casesByDay,all,all,default,2024,08/05/2024,386,FALSE
infectious_disease,respiratory,COVID-19,Nation,England,COVID-19_cases_casesByDay,all,all,default,2024,07/05/2024,412,FALSE
infectious_disease,respiratory,COVID-19,Nation,England,COVID-19_cases_casesByDay,all,all,default,2024,06/05/2024,343,FALSE
infectious_disease,respiratory,COVID-19,Nation,England,COVID-19_cases_casesByDay,all,all,default,2024,05/05/2024,279,FALSE
infectious_disease,respiratory,COVID-19,Nation,England,COVID-19_cases_casesByDay,all,all,default,2024,04/05/2024,278,FALSE
infectious_disease,respiratory,COVID-19,Nation,England,COVID-19_cases_casesByDay,all,all,default,2024,03/05/2024,411,FALSE
infectious_disease,respiratory,COVID-19,Nation,England,COVID-19_cases_casesByDay,all,all,default,2024,02/05/2024,361,FALSE
infectious_disease,respiratory,COVID-19,Nation,England,COVID-19_cases_casesByDay,all,all,default,2024,01/05/2024,398,FALSE
infectious_disease,respiratory,COVID-19,Nation,England,COVID-19_cases_casesByDay,all,all,default,2024,30/04/2024,375,FALSE
infectious_disease,respiratory,COVID-19,Nation,England,COVID-19_cases_casesByDay,all,all,default,2024,29/04/2024,341,FALSE
infectious_disease,respiratory,COVID-19,Nation,England,COVID-19_cases_casesByDay,all,all,default,2024,28/04/2024,182,FALSE
infectious_disease,respiratory,COVID-19,Nation,England,COVID-19_cases_casesByDay,all,all,default,2024,27/04/2024,198,FALSE
infectious_disease,respiratory,COVID-19,Nation,England,COVID-19_cases_casesByDay,all,all,default,2024,26/04/2024,276,FALSE
infectious_disease,respiratory,COVID-19,Nation,England,COVID-19_cases_casesByDay,all,all,default,2024,25/04/2024,282,FALSE
infectious_disease,respiratory,COVID-19,Nation,England,COVID-19_cases_casesByDay,all,all,default,2024,24/04/2024,293,FALSE
infectious_disease,respiratory,COVID-19,Nation,England,COVID-19_cases_casesByDay,all,all,default,2024,23/04/2024,274,FALSE
infectious_disease,respiratory,COVID-19,Nation,England,COVID-19_cases_casesByDay,all,all,default,2024,22/04/2024,263,FALSE
infectious_disease,respiratory,COVID-19,Nation,England,COVID-19_cases_casesByDay,all,all,default,2024,21/04/2024,171,FALSE
infectious_disease,respiratory,COVID-19,Nation,England,COVID-19_cases_casesByDay,all,all,default,2024,20/04/2024,144,FALSE
infectious_disease,respiratory,COVID-19,Nation,England,COVID-19_cases_casesByDay,all,all,default,2024,19/04/2024,210,FALSE
infectious_disease,respiratory,COVID-19,Nation,England,COVID-19_cases_casesByDay,all,all,default,2024,18/04/2024,236,FALSE
infectious_disease,respiratory,COVID-19,Nation,England,COVID-19_cases_casesByDay,all,all,default,2024,17/04/2024,224,FALSE
infectious_disease,respiratory,COVID-19,Nation,England,COVID-19_cases_casesByDay,all,all,default,2024,16/04/2024,192,FALSE
infectious_disease,respiratory,COVID-19,Nation,England,COVID-19_cases_casesByDay,all,all,default,2024,15/04/2024,216,FALSE
infectious_disease,respiratory,COVID-19,Nation,England,COVID-19_cases_casesByDay,all,all,default,2024,14/04/2024,140,FALSE
infectious_disease,respiratory,COVID-19,Nation,England,COVID-19_cases_casesByDay,all,all,default,2024,13/04/2024,139,FALSE
infectious_disease,respiratory,COVID-19,Nation,England,COVID-19_cases_casesByDay,all,all,default,2024,12/04/2024,217,FALSE
infectious_disease,respiratory,COVID-19,Nation,England,COVID-19_cases_casesByDay,all,all,default,2024,11/04/2024,185,FALSE
infectious_disease,respiratory,COVID-19,Nation,England,COVID-19_cases_casesByDay,all,all,default,2024,10/04/2024,162,FALSE
infectious_disease,respiratory,COVID-19,Nation,England,COVID-19_cases_casesByDay,all,all,default,2024,09/04/2024,186,FALSE
infectious_disease,respiratory,COVID-19,Nation,England,COVID-19_cases_casesByDay,all,all,default,2024,08/04/2024,217,FALSE
infectious_disease,respiratory,COVID-19,Nation,England,COVID-19_cases_casesByDay,all,all,default,2024,07/04/2024,154,FALSE
infectious_disease,respiratory,COVID-19,Nation,England,COVID-19_cases_casesByDay,all,all,default,2024,06/04/2024,143,FALSE
infectious_disease,respiratory,COVID-19,Nation,England,COVID-19_cases_casesByDay,all,all,default,2024,05/04/2024,203,FALSE
infectious_disease,respiratory,COVID-19,Nation,England,COVID-19_cases_casesByDay,all,all,default,2024,04/04/2024,200,FALSE
infectious_disease,respiratory,COVID-19,Nation,England,COVID-19_cases_casesByDay,all,all,default,2024,03/04/2024,205,FALSE
infectious_disease,respiratory,COVID-19,Nation,England,COVID-19_cases_casesByDay,all,all,default,2024,02/04/2024,252,FALSE
infectious_disease,respiratory,COVID-19,Nation,England,COVID-19_cases_casesByDay,all,all,default,2024,01/04/2024,183,FALSE
infectious_disease,respiratory,COVID-19,Nation,England,COVID-19_cases_casesByDay,all,all,default,2024,31/03/2024,146,FALSE
infectious_disease,respiratory,COVID-19,Nation,England,COVID-19_cases_casesByDay,all,all,default,2024,30/03/2024,130,FALSE
infectious_disease,respiratory,COVID-19,Nation,England,COVID-19_cases_casesByDay,all,all,default,2024,29/03/2024,167,FALSE
infectious_disease,respiratory,COVID-19,Nation,England,COVID-19_cases_casesByDay,all,all,default,2024,28/03/2024,201,FALSE
infectious_disease,respiratory,COVID-19,Nation,England,COVID-19_cases_casesByDay,all,all,default,2024,27/03/2024,187,FALSE
infectious_disease,respiratory,COVID-19,Nation,England,COVID-19_cases_casesByDay,all,all,default,2024,26/03/2024,185,FALSE
infectious_disease,respiratory,COVID-19,Nation,England,COVID-19_cases_casesByDay,all,all,default,2024,25/03/2024,195,FALSE
infectious_disease,respiratory,COVID-19,Nation,England,COVID-19_cases_casesByDay,all,all,default,2024,24/03/2024,152,FALSE
infectious_disease,respiratory,COVID-19,Nation,England,COVID-19_cases_casesByDay,all,all,default,2024,23/03/2024,127,FALSE
infectious_disease,respiratory,COVID-19,Nation,England,COVID-19_cases_casesByDay,all,all,default,2024,22/03/2024,195,FALSE
infectious_disease,respiratory,COVID-19,Nation,England,COVID-19_cases_casesByDay,all,all,default,2024,21/03/2024,173,FALSE
infectious_disease,respiratory,COVID-19,Nation,England,COVID-19_cases_casesByDay,all,all,default,2024,20/03/2024,167,FALSE
infectious_disease,respiratory,COVID-19,Nation,England,COVID-19_cases_casesByDay,all,all,default,2024,19/03/2024,229,FALSE
infectious_disease,respiratory,COVID-19,Nation,England,COVID-19_cases_casesByDay,all,all,default,2024,18/03/2024,223,FALSE
infectious_disease,respiratory,COVID-19,Nation,England,COVID-19_cases_casesByDay,all,all,default,2024,17/03/2024,138,FALSE
infectious_disease,respiratory,COVID-19,Nation,England,COVID-19_cases_casesByDay,all,all,default,2024,16/03/2024,130,FALSE
infectious_disease,respiratory,COVID-19,Nation,England,COVID-19_cases_casesByDay,all,all,default,2024,15/03/2024,225,FALSE
infectious_disease,respiratory,COVID-19,Nation,England,COVID-19_cases_casesByDay,all,all,default,2024,14/03/2024,232,FALSE
infectious_disease,respiratory,COVID-19,Nation,England,COVID-19_cases_casesByDay,all,all,default,2024,13/03/2024,268,FALSE
infectious_disease,respiratory,COVID-19,Nation,England,COVID-19_cases_casesByDay,all,all,default,2024,12/03/2024,221,FALSE
infectious_disease,respiratory,COVID-19,Nation,England,COVID-19_cases_casesByDay,all,all,default,2024,11/03/2024,237,FALSE
infectious_disease,respiratory,COVID-19,Nation,England,COVID-19_cases_casesByDay,all,all,default,2024,10/03/2024,163,FALSE
infectious_disease,respiratory,COVID-19,Nation,England,COVID-19_cases_casesByDay,all,all,default,2024,09/03/2024,135,FALSE
infectious_disease,respiratory,COVID-19,Nation,England,COVID-19_cases_casesByDay,all,all,default,2024,08/03/2024,170,FALSE
infectious_disease,respiratory,COVID-19,Nation,England,COVID-19_cases_casesByDay,all,all,default,2024,07/03/2024,228,FALSE
infectious_disease,respiratory,COVID-19,Nation,England,COVID-19_cases_casesByDay,all,all,default,2024,06/03/2024,193,FALSE
infectious_disease,respiratory,COVID-19,Nation,England,COVID-19_cases_casesByDay,all,all,default,2024,05/03/2024,215,FALSE
infectious_disease,respiratory,COVID-19,Nation,England,COVID-19_cases_casesByDay,all,all,default,2024,04/03/2024,222,FALSE
infectious_disease,respiratory,COVID-19,Nation,England,COVID-19_cases_casesByDay,all,all,default,2024,03/03/2024,136,FALSE
infectious_disease,respiratory,COVID-19,Nation,England,COVID-19_cases_casesByDay,all,all,default,2024,02/03/2024,150,FALSE
infectious_disease,respiratory,COVID-19,Nation,England,COVID-19_cases_casesByDay,all,all,default,2024,01/03/2024,197,FALSE
infectious_disease,respiratory,COVID-19,Nation,England,COVID-19_cases_casesByDay,all,all,default,2024,29/02/2024,194,FALSE
infectious_disease,respiratory,COVID-19,Nation,England,COVID-19_cases_casesByDay,all,all,default,2024,28/02/2024,154,FALSE
infectious_disease,respiratory,COVID-19,Nation,England,COVID-19_cases_casesByDay,all,all,default,2024,27/02/2024,206,FALSE
infectious_disease,respiratory,COVID-19,Nation,England,COVID-19_cases_casesByDay,all,all,default,2024,26/02/2024,184,FALSE
infectious_disease,respiratory,COVID-19,Nation,England,COVID-19_cases_casesByDay,all,all,default,2024,25/02/2024,139,FALSE
infectious_disease,respiratory,COVID-19,Nation,England,COVID-19_cases_casesByDay,all,all,default,2024,24/02/2024,181,FALSE
infectious_disease,respiratory,COVID-19,Nation,England,COVID-19_cases_casesByDay,all,all,default,2024,23/02/2024,218,FALSE
infectious_disease,respiratory,COVID-19,Nation,England,COVID-19_cases_casesByDay,all,all,default,2024,22/02/2024,249,FALSE
infectious_disease,respiratory,COVID-19,Nation,England,COVID-19_cases_casesByDay,all,all,default,2024,21/02/2024,276,FALSE
infectious_disease,respiratory,COVID-19,Nation,England,COVID-19_cases_casesByDay,all,all,default,2024,20/02/2024,255,FALSE
infectious_disease,respiratory,COVID-19,Nation,England,COVID-19_cases_casesByDay,all,all,default,2024,19/02/2024,257,FALSE
infectious_disease,respiratory,COVID-19,Nation,England,COVID-19_cases_casesByDay,all,all,default,2024,18/02/2024,213,FALSE
infectious_disease,respiratory,COVID-19,Nation,England,COVID-19_cases_casesByDay,all,all,default,2024,17/02/2024,241,FALSE
infectious_disease,respiratory,COVID-19,Nation,England,COVID-19_cases_casesByDay,all,all,default,2024,16/02/2024,366,FALSE
infectious_disease,respiratory,COVID-19,Nation,England,COVID-19_cases_casesByDay,all,all,default,2024,15/02/2024,323,FALSE
infectious_disease,respiratory,COVID-19,Nation,England,COVID-19_cases_casesByDay,all,all,default,2024,14/02/2024,394,FALSE
infectious_disease,respiratory,COVID-19,Nation,England,COVID-19_cases_casesByDay,all,all,default,2024,13/02/2024,412,FALSE
infectious_disease,respiratory,COVID-19,Nation,England,COVID-19_cases_casesByDay,all,all,default,2024,12/02/2024,432,FALSE
infectious_disease,respiratory,COVID-19,Nation,England,COVID-19_cases_casesByDay,all,all,default,2024,11/02/2024,367,FALSE
infectious_disease,respiratory,COVID-19,Nation,England,COVID-19_cases_casesByDay,all,all,default,2024,10/02/2024,359,FALSE
infectious_disease,respiratory,COVID-19,Nation,England,COVID-19_cases_casesByDay,all,all,default,2024,09/02/2024,448,FALSE
infectious_disease,respiratory,COVID-19,Nation,England,COVID-19_cases_casesByDay,all,all,default,2024,08/02/2024,481,FALSE
infectious_disease,respiratory,COVID-19,Nation,England,COVID-19_cases_casesByDay,all,all,default,2024,07/02/2024,543,FALSE
infectious_disease,respiratory,COVID-19,Nation,England,COVID-19_cases_casesByDay,all,all,default,2024,06/02/2024,598,FALSE
infectious_disease,respiratory,COVID-19,Nation,England,COVID-19_cases_casesByDay,all,all,default,2024,05/02/2024,678,FALSE
infectious_disease,respiratory,COVID-19,Nation,England,COVID-19_cases_casesByDay,all,all,default,2024,04/02/2024,519,FALSE
infectious_disease,respiratory,COVID-19,Nation,England,COVID-19_cases_casesByDay,all,all,default,2024,03/02/2024,485,FALSE
infectious_disease,respiratory,COVID-19,Nation,England,COVID-19_cases_casesByDay,all,all,default,2024,02/02/2024,539,FALSE
infectious_disease,respiratory,COVID-19,Nation,England,COVID-19_cases_casesByDay,all,all,default,2024,01/02/2024,641,FALSE
infectious_disease,respiratory,COVID-19,Nation,England,COVID-19_cases_casesByDay,all,all,default,2024,31/01/2024,718,FALSE
infectious_disease,respiratory,COVID-19,Nation,England,COVID-19_cases_casesByDay,all,all,default,2024,30/01/2024,756,FALSE
infectious_disease,respiratory,COVID-19,Nation,England,COVID-19_cases_casesByDay,all,all,default,2024,29/01/2024,811,FALSE
infectious_disease,respiratory,COVID-19,Nation,England,COVID-19_cases_casesByDay,all,all,default,2024,28/01/2024,610,FALSE
infectious_disease,respiratory,COVID-19,Nation,England,COVID-19_cases_casesByDay,all,all,default,2024,27/01/2024,524,FALSE
infectious_disease,respiratory,COVID-19,Nation,England,COVID-19_cases_casesByDay,all,all,default,2024,26/01/2024,694,FALSE
infectious_disease,respiratory,COVID-19,Nation,England,COVID-19_cases_casesByDay,all,all,default,2024,25/01/2024,893,FALSE
infectious_disease,respiratory,COVID-19,Nation,England,COVID-19_cases_casesByDay,all,all,default,2024,24/01/2024,897,FALSE
infectious_disease,respiratory,COVID-19,Nation,England,COVID-19_cases_casesByDay,all,all,default,2024,23/01/2024,980,FALSE
infectious_disease,respiratory,COVID-19,Nation,England,COVID-19_cases_casesByDay,all,all,default,2024,22/01/2024,1073,FALSE
infectious_disease,respiratory,COVID-19,Nation,England,COVID-19_cases_casesByDay,all,all,default,2024,21/01/2024,765,FALSE
infectious_disease,respiratory,COVID-19,Nation,England,COVID-19_cases_casesByDay,all,all,default,2024,20/01/2024,684,FALSE
infectious_disease,respiratory,COVID-19,Nation,England,COVID-19_cases_casesByDay,all,all,default,2024,19/01/2024,757,FALSE
infectious_disease,respiratory,COVID-19,Nation,England,COVID-19_cases_casesByDay,all,all,default,2024,18/01/2024,836,FALSE
infectious_disease,respiratory,COVID-19,Nation,England,COVID-19_cases_casesByDay,all,all,default,2024,17/01/2024,853,FALSE
infectious_disease,respiratory,COVID-19,Nation,England,COVID-19_cases_casesByDay,all,all,default,2024,16/01/2024,829,FALSE
infectious_disease,respiratory,COVID-19,Nation,England,COVID-19_cases_casesByDay,all,all,default,2024,15/01/2024,834,FALSE
infectious_disease,respiratory,COVID-19,Nation,England,COVID-19_cases_casesByDay,all,all,default,2024,14/01/2024,707,FALSE
infectious_disease,respiratory,COVID-19,Nation,England,COVID-19_cases_casesByDay,all,all,default,2024,13/01/2024,557,FALSE
infectious_disease,respiratory,COVID-19,Nation,England,COVID-19_cases_casesByDay,all,all,default,2024,12/01/2024,775,FALSE
infectious_disease,respiratory,COVID-19,Nation,England,COVID-19_cases_casesByDay,all,all,default,2024,11/01/2024,835,FALSE
infectious_disease,respiratory,COVID-19,Nation,England,COVID-19_cases_casesByDay,all,all,default,2024,10/01/2024,877,FALSE
infectious_disease,respiratory,COVID-19,Nation,England,COVID-19_cases_casesByDay,all,all,default,2024,09/01/2024,845,FALSE
infectious_disease,respiratory,COVID-19,Nation,England,COVID-19_cases_casesByDay,all,all,default,2024,08/01/2024,974,FALSE
infectious_disease,respiratory,COVID-19,Nation,England,COVID-19_cases_casesByDay,all,all,default,2024,07/01/2024,787,FALSE
infectious_disease,respiratory,COVID-19,Nation,England,COVID-19_cases_casesByDay,all,all,default,2024,06/01/2024,790,FALSE
infectious_disease,respiratory,COVID-19,Nation,England,COVID-19_cases_casesByDay,all,all,default,2024,05/01/2024,939,FALSE
infectious_disease,respiratory,COVID-19,Nation,England,COVID-19_cases_casesByDay,all,all,default,2024,04/01/2024,1107,FALSE
infectious_disease,respiratory,COVID-19,Nation,England,COVID-19_cases_casesByDay,all,all,default,2024,03/01/2024,1271,FALSE
infectious_disease,respiratory,COVID-19,Nation,England,COVID-19_cases_casesByDay,all,all,default,2024,02/01/2024,1395,FALSE
infectious_disease,respiratory,COVID-19,Nation,England,COVID-19_cases_casesByDay,all,all,default,2024,01/01/2024,1079,FALSE
infectious_disease,respiratory,COVID-19,Nation,England,COVID-19_cases_casesByDay,all,all,default,2023,31/12/2023,1169,FALSE
infectious_disease,respiratory,COVID-19,Nation,England,COVID-19_cases_casesByDay,all,all,default,2023,30/12/2023,1161,FALSE
infectious_disease,respiratory,COVID-19,Nation,England,COVID-19_cases_casesByDay,all,all,default,2023,29/12/2023,1397,FALSE
infectious_disease,respiratory,COVID-19,Nation,England,COVID-19_cases_casesByDay,all,all,default,2023,28/12/2023,1490,FALSE
infectious_disease,respiratory,COVID-19,Nation,England,COVID-19_cases_casesByDay,all,all,default,2023,27/12/2023,1454,FALSE
infectious_disease,respiratory,COVID-19,Nation,England,COVID-19_cases_casesByDay,all,all,default,2023,26/12/2023,1182,FALSE
infectious_disease,respiratory,COVID-19,Nation,England,COVID-19_cases_casesByDay,all,all,default,2023,25/12/2023,864,FALSE
infectious_disease,respiratory,COVID-19,Nation,England,COVID-19_cases_casesByDay,all,all,default,2023,24/12/2023,1043,FALSE
infectious_disease,respiratory,COVID-19,Nation,England,COVID-19_cases_casesByDay,all,all,default,2023,23/12/2023,987,FALSE
infectious_disease,respiratory,COVID-19,Nation,England,COVID-19_cases_casesByDay,all,all,default,2023,22/12/2023,1223,FALSE
infectious_disease,respiratory,COVID-19,Nation,England,COVID-19_cases_casesByDay,all,all,default,2023,21/12/2023,1385,FALSE
infectious_disease,respiratory,COVID-19,Nation,England,COVID-19_cases_casesByDay,all,all,default,2023,20/12/2023,1427,FALSE
infectious_disease,respiratory,COVID-19,Nation,England,COVID-19_cases_casesByDay,all,all,default,2023,19/12/2023,1467,FALSE
infectious_disease,respiratory,COVID-19,Nation,England,COVID-19_cases_casesByDay,all,all,default,2023,18/12/2023,1593,FALSE
infectious_disease,respiratory,COVID-19,Nation,England,COVID-19_cases_casesByDay,all,all,default,2023,17/12/2023,1229,FALSE
infectious_disease,respiratory,COVID-19,Nation,England,COVID-19_cases_casesByDay,all,all,default,2023,16/12/2023,907,FALSE
infectious_disease,respiratory,COVID-19,Nation,England,COVID-19_cases_casesByDay,all,all,default,2023,15/12/2023,1119,FALSE
infectious_disease,respiratory,COVID-19,Nation,England,COVID-19_cases_casesByDay,all,all,default,2023,14/12/2023,1078,FALSE
infectious_disease,respiratory,COVID-19,Nation,England,COVID-19_cases_casesByDay,all,all,default,2023,13/12/2023,1207,FALSE
infectious_disease,respiratory,COVID-19,Nation,England,COVID-19_cases_casesByDay,all,all,default,2023,12/12/2023,1283,FALSE
infectious_disease,respiratory,COVID-19,Nation,England,COVID-19_cases_casesByDay,all,all,default,2023,11/12/2023,1262,FALSE
infectious_disease,respiratory,COVID-19,Nation,England,COVID-19_cases_casesByDay,all,all,default,2023,10/12/2023,992,FALSE
infectious_disease,respiratory,COVID-19,Nation,England,COVID-19_cases_casesByDay,all,all,default,2023,09/12/2023,804,FALSE
infectious_disease,respiratory,COVID-19,Nation,England,COVID-19_cases_casesByDay,all,all,default,2023,08/12/2023,924,FALSE
infectious_disease,respiratory,COVID-19,Nation,England,COVID-19_cases_casesByDay,all,all,default,2023,07/12/2023,836,FALSE
infectious_disease,respiratory,COVID-19,Nation,England,COVID-19_cases_casesByDay,all,all,default,2023,06/12/2023,967,FALSE
infectious_disease,respiratory,COVID-19,Nation,England,COVID-19_cases_casesByDay,all,all,default,2023,05/12/2023,966,FALSE
infectious_disease,respiratory,COVID-19,Nation,England,COVID-19_cases_casesByDay,all,all,default,2023,04/12/2023,967,FALSE
infectious_disease,respiratory,COVID-19,Nation,England,COVID-19_cases_casesByDay,all,all,default,2023,03/12/2023,706,FALSE
infectious_disease,respiratory,COVID-19,Nation,England,COVID-19_cases_casesByDay,all,all,default,2023,02/12/2023,524,FALSE
infectious_disease,respiratory,COVID-19,Nation,England,COVID-19_cases_casesByDay,all,all,default,2023,01/12/2023,558,FALSE
infectious_disease,respiratory,COVID-19,Nation,England,COVID-19_cases_casesByDay,all,all,default,2023,30/11/2023,668,FALSE
infectious_disease,respiratory,COVID-19,Nation,England,COVID-19_cases_casesByDay,all,all,default,2023,29/11/2023,737,FALSE
infectious_disease,respiratory,COVID-19,Nation,England,COVID-19_cases_casesByDay,all,all,default,2023,28/11/2023,693,FALSE
infectious_disease,respiratory,COVID-19,Nation,England,COVID-19_cases_casesByDay,all,all,default,2023,27/11/2023,696,FALSE
infectious_disease,respiratory,COVID-19,Nation,England,COVID-19_cases_casesByDay,all,all,default,2023,26/11/2023,507,FALSE
infectious_disease,respiratory,COVID-19,Nation,England,COVID-19_cases_casesByDay,all,all,default,2023,25/11/2023,429,FALSE
infectious_disease,respiratory,COVID-19,Nation,England,COVID-19_cases_casesByDay,all,all,default,2023,24/11/2023,547,FALSE
infectious_disease,respiratory,COVID-19,Nation,England,COVID-19_cases_casesByDay,all,all,default,2023,23/11/2023,567,FALSE
infectious_disease,respiratory,COVID-19,Nation,England,COVID-19_cases_casesByDay,all,all,default,2023,22/11/2023,614,FALSE
infectious_disease,respiratory,COVID-19,Nation,England,COVID-19_cases_casesByDay,all,all,default,2023,21/11/2023,593,FALSE
infectious_disease,respiratory,COVID-19,Nation,England,COVID-19_cases_casesByDay,all,all,default,2023,20/11/2023,702,FALSE
infectious_disease,respiratory,COVID-19,Nation,England,COVID-19_cases_casesByDay,all,all,default,2023,19/11/2023,557,FALSE
infectious_disease,respiratory,COVID-19,Nation,England,COVID-19_cases_casesByDay,all,all,default,2023,18/11/2023,452,FALSE
infectious_disease,respiratory,COVID-19,Nation,England,COVID-19_cases_casesByDay,all,all,default,2023,17/11/2023,514,FALSE
infectious_disease,respiratory,COVID-19,Nation,England,COVID-19_cases_casesByDay,all,all,default,2023,16/11/2023,670,FALSE
infectious_disease,respiratory,COVID-19,Nation,England,COVID-19_cases_casesByDay,all,all,default,2023,15/11/2023,631,FALSE
infectious_disease,respiratory,COVID-19,Nation,England,COVID-19_cases_casesByDay,all,all,default,2023,14/11/2023,766,FALSE
infectious_disease,respiratory,COVID-19,Nation,England,COVID-19_cases_casesByDay,all,all,default,2023,13/11/2023,745,FALSE
infectious_disease,respiratory,COVID-19,Nation,England,COVID-19_cases_casesByDay,all,all,default,2023,12/11/2023,602,FALSE
infectious_disease,respiratory,COVID-19,Nation,England,COVID-19_cases_casesByDay,all,all,default,2023,11/11/2023,297,FALSE
infectious_disease,respiratory,COVID-19,Nation,England,COVID-19_cases_casesByDay,all,all,default,2023,10/11/2023,281,FALSE
infectious_disease,respiratory,COVID-19,Nation,England,COVID-19_cases_casesByDay,all,all,default,2023,09/11/2023,499,FALSE
infectious_disease,respiratory,COVID-19,Nation,England,COVID-19_cases_casesByDay,all,all,default,2023,08/11/2023,699,FALSE
infectious_disease,respiratory,COVID-19,Nation,England,COVID-19_cases_casesByDay,all,all,default,2023,07/11/2023,818,FALSE
infectious_disease,respiratory,COVID-19,Nation,England,COVID-19_cases_casesByDay,all,all,default,2023,06/11/2023,784,FALSE
infectious_disease,respiratory,COVID-19,Nation,England,COVID-19_cases_casesByDay,all,all,default,2023,05/11/2023,685,FALSE
infectious_disease,respiratory,COVID-19,Nation,England,COVID-19_cases_casesByDay,all,all,default,2023,04/11/2023,594,FALSE
infectious_disease,respiratory,COVID-19,Nation,England,COVID-19_cases_casesByDay,all,all,default,2023,03/11/2023,737,FALSE
infectious_disease,respiratory,COVID-19,Nation,England,COVID-19_cases_casesByDay,all,all,default,2023,02/11/2023,815,FALSE
infectious_disease,respiratory,COVID-19,Nation,England,COVID-19_cases_casesByDay,all,all,default,2023,01/11/2023,880,FALSE
